transactionID,dateTime,customerID,productID,categoryID,storeID,salesPersonID,productValue
397,11015280,,5233,133,27,,8
397,11015280,,3663,24,27,,2.8
397,11015280,,5432,44,27,,2.5
397,11015280,,3218,101,27,,7.5
2945,5747640,,1842,41,35,,27.7
2945,5747640,,867,109,35,,11.9
3138,5750340,,843,69,35,,3.4
3138,5750340,,1209,109,35,,12.49
8555,25268340,156049,2491,44,36,47,4.41
8555,25268340,156049,5774,136,36,47,18.45
9976,22239540,,5410,140,11,71,6.5
10955,16742820,,4050,71,29,,3.4
10955,16742820,,4052,71,29,,4.8
16484,107529540,,8468,101,1,2,8
17782,23025120,,4075,92,7,57,21.7
18175,15871500,,3988,71,21,,13.95
18517,25195920,,5535,140,30,81,21
18517,25195920,,4552,146,30,81,29.8
18517,25195920,,5587,101,30,81,25.6
19166,324120,,1910,48,3,,12
19166,324120,,8629,173,3,,7
20130,25376040,,1160,92,36,129,15.2
20713,23049420,,5591,40,16,42,10.92
20713,23049420,,6996,40,16,42,4.08
23563,61219140,,6213,99,38,27,13.5
24378,57945480,30939,6973,91,38,142,10.4
26142,19482600,,1665,92,1,,18.5
26142,19482600,,3959,92,1,,18.5
35190,21912480,,5559,140,21,147,4
35190,21912480,,5538,140,21,147,4
37229,27271800,,6995,40,1,34,6.8
42374,13348140,,5534,44,5,,1
42374,13348140,,1760,71,5,,4.8
42374,13348140,,1759,71,5,,3.4
42374,13348140,,1038,110,5,,5
45415,4826520,,4363,127,11,,10
45415,4826520,,2952,75,11,,16.5
46993,6466920,,4437,71,8,,7
46993,6466920,,8629,173,8,,10
49099,12652260,,2822,144,33,132,10.5
49099,12652260,,3950,134,33,132,8.5
49099,12652260,,1013,110,33,132,5
49246,24152760,22657,1142,92,15,1,15.2
49246,24152760,22657,5133,131,15,1,13.4
53423,5745720,,846,68,16,,16
54996,58286940,,3280,71,36,207,3.5
54996,58286940,,3281,71,36,207,3.5
54996,58286940,,4325,71,36,207,1
55815,26140440,,5315,146,4,117,15.4
56141,21478560,,2194,49,28,62,13.9
56593,23726460,,2971,140,7,165,11.3
64097,22238820,,5481,163,22,,13.2
64097,22238820,,5993,134,22,,10.9
67694,6713280,,832,68,35,,16.5
67997,28481640,,7103,148,32,30,5
67997,28481640,,5765,36,32,30,30
70341,13269060,,3983,75,11,,13
71424,3152820,,4495,134,29,,9.45
71424,3152820,,3952,134,29,,11.25
71424,3152820,,3950,134,29,,7.65
72343,24332040,,5583,99,27,52,10
77908,62254860,,1581,76,22,9,17
77908,62254860,,3984,71,22,9,15
77908,62254860,,2601,82,22,9,8
79252,13804800,,4440,92,1,,14
81090,14464740,,2192,49,11,,12
81090,14464740,,2200,49,11,,12
81090,14464740,,3352,49,11,,14
81090,14464740,,2085,99,11,,12
83280,29010840,,4078,92,9,34,21.7
83566,30624660,72879,4276,30,3,133,12.51
83566,30624660,72879,5291,94,3,133,16.56
83566,30624660,72879,8465,136,3,133,9
84280,16220820,,348,36,21,,23.85
84280,16220820,,4360,127,21,,9.27
84280,16220820,,3343,127,21,,13.86
84280,16220820,,1262,109,21,,9
84280,16220820,,900,109,21,,13.95
87095,24926220,,1762,71,27,130,7
88591,27267120,,4552,146,35,35,14.9
90101,3514080,,6529,75,29,,16.5
95959,5403000,,1759,71,17,,3.4
96302,58785540,,5446,94,15,207,10.94
96302,58785540,,5445,94,15,207,10.56
96302,58785540,,5445,94,15,207,10.56
96302,58785540,,5446,94,15,207,10.94
96302,58785540,,4362,127,15,207,14.9
96302,58785540,,3343,127,15,207,15.4
96554,66665760,62213,5956,140,22,211,13.7
96554,66665760,62213,2994,71,22,211,4.8
96677,116621520,,6759,163,8,284,15.8
96677,116621520,,1698,40,8,284,27.9
97401,24743940,,5597,140,7,155,15
100644,29604960,160320,1669,91,9,,24.3
105119,116766420,59875,5168,24,8,17,4.9
105119,116766420,59875,6842,76,8,17,18.9
105119,116766420,59875,1688,134,8,17,12.9
109022,6457800,,2824,49,32,,18.5
110380,29681040,,5767,36,5,141,30
113658,2985180,,841,69,7,,4.5
116385,3157200,,360,36,28,,10
117156,29768280,,5781,36,11,34,10.5
119619,13168260,,3519,71,27,,16.6
126907,3499560,,4102,71,8,,14.5
128921,27343800,,6973,91,22,122,12.2
128921,27343800,,743,91,22,122,15
128921,27343800,,5446,94,22,122,8.15
128921,27343800,,5445,94,22,122,9.85
129140,23728560,,6532,75,11,97,12.5
129140,23728560,,6531,75,11,97,12.5
129843,20096700,,5538,140,1,,4
134069,14303580,,5171,24,23,,4.2
135923,80393640,56714,8465,136,22,198,10.5
135923,80393640,56714,2994,71,22,198,4.8
135923,80393640,56714,5904,71,22,198,3.4
138634,70885380,64359,6087,92,27,217,25.5
138634,70885380,64359,6098,92,27,217,27.5
138634,70885380,64359,8475,68,27,217,20.5
138634,70885380,64359,6355,71,27,217,8
138634,70885380,64359,5994,71,27,217,5
140440,25014600,144252,5583,99,8,118,9.32
140440,25014600,144252,5393,131,8,118,20.03
141652,29089200,131001,5186,44,16,127,4.78
141652,29089200,131001,4260,127,16,127,6.88
141652,29089200,131001,4364,127,16,127,9.54
141652,29089200,131001,5489,125,16,127,21.52
141652,29089200,131001,6228,48,16,127,30.24
141652,29089200,131001,5477,48,16,127,9.92
141652,29089200,131001,2859,48,16,127,14.32
141652,29089200,131001,5401,132,16,127,6.8
141652,29089200,131001,2195,49,16,127,11.12
141652,29089200,131001,5769,164,16,127,28
146723,13094940,,3983,75,28,,13
152780,5589540,,320,170,26,,20
154722,1533300,,5233,133,22,,11.9
155070,14997420,,1608,75,1,,12
160487,2041560,,1989,75,8,,14.85
160487,2041560,,1761,76,8,,14.85
165520,91819080,,7071,109,20,274,14.2
172989,23630400,,6532,75,22,,17
173518,59487120,,8442,110,38,142,5
173718,27781080,,4552,146,15,1,14.9
176914,7308900,,2733,71,16,,3.4
176914,7308900,,2441,75,16,,16.5
179751,30286440,,2441,75,9,,17
181683,30648660,,2952,75,28,24,16.99
181683,30648660,,5588,101,28,24,17.4
187499,25199340,,749,91,9,,15
189465,30540840,,5583,99,1,36,12.8
189465,30540840,,3739,94,1,36,12.5
189465,30540840,,4335,73,1,36,10.78
189465,30540840,,4334,73,1,36,12.22
189465,30540840,,8629,173,1,36,4
191900,18885000,,1712,163,9,,14.32
191900,18885000,,3986,71,9,,5.6
192635,14483040,,6457,92,33,132,20
194413,15615900,,5136,131,20,,19.5
194413,15615900,,4584,131,20,,28.5
195334,20615820,,2984,140,1,,14.9
195749,59241420,,3951,134,13,144,7.5
201367,2715420,,3973,75,21,,16.5
202407,30387240,,5400,132,9,,8.5
204351,9624900,,4362,127,32,,11.2
204351,9624900,,3210,173,32,,10
205489,73157700,161904,5570,140,27,50,12.96
207494,27955080,,4051,75,23,65,7
208645,93799800,32367,6327,49,16,298,13.7
208645,93799800,32367,4078,92,16,298,23.5
217073,8273700,,5262,71,1,,7
218249,13267920,,5402,132,7,,8.5
220469,30112860,,2375,64,19,33,14.5
220469,30112860,,2328,64,19,33,20.4
220940,28997220,,5793,36,27,50,8
220960,4722060,,5133,131,17,,11.5
220960,4722060,,2195,49,17,,12.15
220960,4722060,,2193,49,17,,12.15
220960,4722060,,5136,131,17,,17.55
221445,14743080,,4101,75,1,,16.5
221445,14743080,,3004,24,1,,10
222901,29685840,,3987,71,2,170,4
224267,8956800,,2971,140,1,,10.17
224267,8956800,,2685,52,1,,13.05
224267,8956800,,2044,44,1,,11.34
229202,19475220,,3774,94,9,,11.3
229202,19475220,,4521,94,9,,15.7
231885,28998600,,5839,71,15,1,7
231885,28998600,,566,173,15,1,2.1
232009,6359760,,3955,134,5,,8.5
232009,6359760,,5262,71,5,,7
236802,30722400,25697,5481,163,21,11,11.88
236802,30722400,25697,2859,48,21,11,16.11
236802,30722400,25697,2850,48,21,11,12.51
239471,26655600,,5585,99,16,42,7.8
240622,9053400,,4075,92,1,,21.3
244005,29087460,,4362,127,15,31,14.4
244148,28397640,,1661,92,36,129,18.9
248783,26674740,,7040,91,8,72,18.9
248984,25442460,,2197,49,11,97,17.9
248984,25442460,,2200,49,11,97,12.4
261767,31760160,,5636,148,29,36,5.95
261767,31760160,,5638,148,29,36,13.3
261767,31760160,,4069,92,29,36,21.2
261767,31760160,,2383,119,29,36,5
261767,31760160,,2387,119,29,36,5
261767,31760160,,5136,131,29,36,15
261767,31760160,,5316,146,29,36,17.4
261767,31760160,,6557,146,29,36,14.4
267049,91305240,,6744,36,22,252,25
267386,24580320,,5589,101,28,62,7
267386,24580320,,5582,101,28,62,9.7
270004,25956360,,4160,92,11,100,13.5
274529,13874460,,1143,92,7,,16.5
275449,24672540,124978,2971,140,28,141,10.17
275495,5148420,,3765,146,13,,20.5
275495,5148420,,5262,71,13,,7
276054,8872560,,4198,30,14,,11.34
279785,7731300,,1124,134,26,,7.65
279785,7731300,,1000,92,26,,18.27
280568,746820,,5316,146,20,,17
282801,19825980,,5317,71,9,,3.5
290173,3339960,,320,170,33,132,20
292051,31341420,,5507,75,9,,17
294077,27684540,128589,4552,146,16,42,13.41
295175,4815060,,2198,49,28,,18
295175,4815060,,7028,109,28,,13.05
295175,4815060,,2193,49,28,,12.15
299033,27020640,,2733,71,9,,3.4
299033,27020640,,3663,24,9,,3
302236,21230160,,5552,140,1,,3.2
302236,21230160,,2047,71,1,,2.72
302236,21230160,,5538,140,1,,3.2
303721,6782220,,1734,92,3,,17.3
303721,6782220,,832,68,3,,16.5
307447,26139720,,5395,131,5,116,16.9
308272,30561840,25754,4552,146,5,116,7.45
308272,30561840,25754,384,36,5,116,17.5
308272,30561840,25754,5587,101,5,116,6.4
308272,30561840,25754,3983,75,5,116,8.5
308272,30561840,25754,5899,44,5,116,1.25
308621,2049720,,5401,132,1,,8.5
308621,2049720,,776,146,1,,14
310021,8436660,,3461,44,26,,2.7
321750,3434760,,3950,134,22,,8.5
321750,3434760,,360,36,22,,5
321750,3434760,,360,36,22,,5
323501,26389320,,5636,148,5,92,8.5
323501,26389320,,5681,36,5,92,10.5
328772,312240,,1126,46,6,,7.5
328772,312240,,1038,110,6,,5
330578,15600060,,3921,92,5,,21.6
330578,15600060,,3983,75,5,,13
330660,25548420,1534,6456,92,1,145,13.5
333749,11013180,,3317,144,19,,14
335263,93281580,35983,6684,36,33,13,9
335263,93281580,35983,5508,75,33,13,7
337718,30629940,,5724,36,21,1,28.5
341554,35217780,,7105,148,26,48,3.5
342932,9633900,,3725,140,16,,9.9
343410,27943380,,5748,99,8,72,6
344832,27096300,,5391,82,11,78,14.4
347310,15010740,,4340,95,11,,16.4
347310,15010740,,2383,119,11,,10
347310,15010740,,2387,119,11,,10
347310,15010740,,3496,29,11,,10.4
347310,15010740,,2193,49,11,,10.8
347310,15010740,,3070,119,11,,32
347310,15010740,,6564,119,11,,30.8
347310,15010740,,3071,119,11,,32
347310,15010740,,3138,119,11,,15
347310,15010740,,4362,127,11,,11.2
347310,15010740,,6550,119,11,,24
347310,15010740,,3482,75,11,,9.6
348340,27257040,,5260,71,11,100,15
348340,27257040,,3957,146,11,100,18.9
348340,27257040,,5535,140,11,100,10.5
348908,60697860,15484,6457,92,28,229,18
348908,60697860,15484,6456,92,28,229,18
348908,60697860,15484,6064,99,28,229,10.8
348908,60697860,15484,3708,71,28,229,3.2
348908,60697860,15484,5257,75,28,229,5.6
349895,29533500,,5732,36,29,58,35
353991,92674260,,3669,24,22,54,3.5
353991,92674260,,4424,24,22,54,4.5
354402,62272320,,6170,36,1,26,39.5
355512,32455560,,2375,64,19,33,14.5
357060,14919300,,2989,148,4,,7.5
357273,30377940,,3983,75,35,35,17
364403,62345700,,6331,36,20,26,49
364599,12752760,,5505,85,35,,5
367192,15076140,,968,110,21,39,7.5
369651,92947980,,6744,36,22,198,25
375941,28570800,,5701,36,9,,28.5
380380,37886880,,2197,49,11,36,17.9
382792,26152680,,3640,29,1,149,10.8
382792,26152680,,3641,29,1,149,16.9
382792,26152680,,3518,28,1,149,11.7
385717,30383160,,566,173,15,31,6.8
386378,9119280,,2441,75,3,,16.5
387268,11005620,,4208,75,21,,16.5
387793,1604460,,943,110,6,,5
391024,4625820,,8629,173,33,132,10
391728,19043160,,4552,146,21,39,14.9
397622,93271560,,2801,28,22,252,14.5
404412,30828540,,2192,49,5,92,12.4
412124,19646160,,5136,131,8,,10
412124,19646160,,6228,48,8,,10
412989,30379620,,3279,71,23,10,7
414427,34511400,,5839,71,14,119,7
414427,34511400,,2441,75,14,119,12
418907,8862900,,2994,71,8,,4.8
418907,8862900,,3546,71,8,,3.4
418907,8862900,,4340,95,8,,20.5
419552,28208280,,5585,99,11,71,7.8
419731,6106500,,1707,163,28,,6.8
419731,6106500,,2859,48,28,,14
419731,6106500,,3472,92,28,,19.2
419945,25453320,,6529,75,1,138,13.6
419945,25453320,,3750,163,1,138,8.64
422955,14916480,,3482,75,8,,6
422955,14916480,,5317,71,8,,2.24
422962,2397720,,2373,62,6,,12.8
423338,26574900,,5640,148,28,152,4
424799,33659820,,5409,140,17,32,6.5
424799,33659820,,5570,140,17,32,13
425363,15592680,,3949,134,14,,10.5
425363,15592680,,1757,75,14,,6.9
430535,35133180,,2894,75,14,87,7
431548,61919040,,3743,94,28,24,5
431548,61919040,,5965,94,28,24,7
437389,111513960,,6767,94,1,166,24.1
438809,16126260,,4105,75,1,,7
438809,16126260,,1989,75,1,,17
439825,4628460,,1013,110,7,,5
440031,3507840,,5408,140,20,,6.5
443217,16309980,,3281,71,5,,4.5
443217,16309980,,1629,71,5,,2
443403,92940420,,6428,71,30,14,6
454303,14814960,,3769,148,14,,5
454303,14814960,,942,110,14,,5
454568,30107520,,6988,110,7,5,7.5
455548,29264160,,3282,71,21,40,7
455548,29264160,,944,110,21,40,7.5
455548,29264160,,5896,44,21,40,1
465515,5500320,,3000,71,33,132,14.5
469908,20442060,,5023,28,23,,5.5
469924,20517240,,5324,164,20,,13.5
470702,20086140,,6477,28,1,,3
470702,20086140,,3458,44,1,,5.9
470702,20086140,,5587,101,1,,12.8
470702,20086140,,5583,99,1,,12.8
471163,31680300,,3705,71,5,116,4
471163,31680300,,942,110,5,116,5
471163,31680300,,1038,110,5,116,5
471163,31680300,,3665,24,5,116,3
473050,28894200,,5680,36,11,78,10.5
473050,28894200,,5681,36,11,78,10.5
473386,30380520,,4440,92,33,13,7.2
473386,30380520,,3973,75,33,13,17
476354,3512460,,3315,138,6,,14
476354,3512460,,5263,71,6,,3.4
478542,64605660,,6189,148,13,144,9
480656,28995000,,5693,44,11,100,3
480656,28995000,,5839,71,11,100,7
480656,28995000,,3800,71,11,100,3.6
480656,28995000,,349,36,11,100,24.5
481943,30479400,,5899,44,29,20,2.5
481943,30479400,,383,36,29,20,45
484532,16637700,,6532,75,28,,15.3
484720,44634000,,5678,36,9,,5
484929,37310760,,3482,75,1,2,13.5
485520,38155800,,4208,75,6,132,17
489198,2479380,,5259,71,23,,8.5
496351,45661380,,3476,92,32,30,24.5
496351,45661380,,832,68,32,30,16.9
497082,65987580,,8503,110,16,66,5
497902,16022640,,5317,71,11,,4.5
499925,30381600,,5289,40,9,,14.7
506573,32112360,52452,5403,132,15,31,9.45
509184,12130740,,5603,85,16,,5
509184,12130740,,1222,91,16,,8.56
509184,12130740,,1256,91,16,,8.56
509184,12130740,,843,69,16,,3.2
509184,12130740,,4120,71,16,,3.84
509184,12130740,,2607,82,16,,5.12
513188,16973340,,5317,71,5,,4.5
513188,16973340,,3281,71,5,,4.5
515489,36176640,,5839,71,2,170,7
515489,36176640,,1013,110,2,170,5
516511,1272840,,1224,110,25,,7.5
516688,31338960,,5587,101,20,75,12.8
516688,31338960,,5583,99,20,75,12.8
517407,16713600,,999,48,22,,18.9
517407,16713600,,5507,75,22,,17
520138,31244160,,3210,173,23,109,10
520376,28217700,28852,3749,140,1,138,11.34
520376,28217700,28852,2971,140,1,138,10.17
523999,27880500,,5583,99,28,152,38.4
524677,17057160,,2187,76,5,,10
524677,17057160,,4201,71,5,,7.5
524677,17057160,,3665,24,5,,3
527403,40392720,,5258,76,19,33,17
528613,5998860,,4208,75,22,,16.5
533083,28731360,,2988,71,5,179,15
535627,1344120,,1608,75,5,,12
542436,13961820,,2822,144,30,207,10.5
543686,92570820,,6321,99,32,256,3.7
543686,92570820,,6325,99,32,256,3.7
547575,7988760,,4021,142,13,,19.5
547575,7988760,,4481,84,13,,17.5
547575,7988760,,3522,71,13,,13.9
550460,66402420,35003,8468,101,13,118,7.5
550460,66402420,35003,6067,99,13,118,8.5
559289,30377340,,5791,164,36,15,26.5
559289,30377340,,5842,71,36,15,7
560297,32804040,155910,6490,76,4,103,15.3
560297,32804040,155910,3210,173,4,103,10
560361,6185100,,3665,24,22,,2.8
560361,6185100,,4552,146,22,,14.5
560404,7236060,,4489,84,28,,19.5
566431,4123620,,1119,68,1,,20
566431,4123620,,3918,92,1,,24
567290,34446960,,5136,131,30,82,19.9
567290,34446960,,5916,44,30,82,1.5
570377,34258740,,3663,24,15,31,3
570377,34258740,,3665,24,15,31,3
570377,34258740,,3756,24,15,31,3
571069,98117220,,4173,49,19,275,26.8
571237,41697780,,6532,75,6,51,17
571237,41697780,,6988,110,6,51,7.5
576014,42728520,,5608,71,19,33,8
576014,42728520,,5610,71,19,33,8
576816,52067820,,5839,71,3,99,7
576816,52067820,,1013,110,3,99,5
579447,29092920,19092,3708,71,1,178,3.2
579447,29092920,19092,4449,84,1,178,8.96
579447,29092920,19092,4450,84,1,178,17.52
579447,29092920,19092,5474,84,1,178,15.52
579447,29092920,19092,5906,44,1,178,1.6
579447,29092920,19092,5233,133,1,178,9.84
579447,29092920,19092,5490,71,1,178,9.6
579447,29092920,19092,3209,163,1,178,8.64
585290,32881800,,5315,146,20,75,15.4
588632,4466880,,1121,134,8,,6.5
593872,33317700,,5607,71,35,35,8
593872,33317700,,1221,91,35,35,10.9
597049,17512380,,5842,71,22,,7
603505,6344460,,8629,173,20,,10
604515,36781800,,1013,110,21,40,5
605776,44544780,,3953,134,19,33,8.9
615221,11956440,,6459,92,29,,18
615221,11956440,,744,91,29,,13.23
615221,11956440,,1221,91,29,,9.63
615221,11956440,,1265,109,29,,12.51
617583,33833340,,5693,44,20,41,3
620256,46371120,83510,2276,75,1,2,12
620256,46371120,83510,2952,75,1,2,12
620256,46371120,83510,2951,75,1,2,12
620256,46371120,83510,8469,146,1,2,34.56
624152,67604520,32623,4074,92,38,206,22.5
631061,31418280,,3280,71,33,,5
631061,31418280,,3281,71,33,,5
631061,31418280,,4326,75,33,,4.5
634153,18628560,,1781,144,19,,9.36
635441,10683960,,5393,131,11,,21
637147,46284060,,3696,146,5,68,9.8
639387,31844820,128239,2289,101,7,163,11.34
639387,31844820,128239,4481,84,7,163,16.02
639387,31844820,128239,2068,146,7,163,4.77
644762,21812520,,5527,71,27,,7
644762,21812520,,5843,71,27,,7
648430,30465840,,2082,99,11,22,12.4
653072,10332540,,2082,99,2,,12
655537,1275240,,5173,24,16,,4.2
656832,93633540,,6705,36,32,260,39.5
662063,56973540,26632,5607,71,3,158,6.26
662063,56973540,26632,5941,24,3,158,5.74
662063,56973540,26632,5507,75,3,158,9
663058,21745860,,1707,163,1,,7.92
663058,21745860,,1708,163,1,,15.21
663058,21745860,,739,91,1,,11.61
663067,7135860,,3885,144,7,,4
663067,7135860,,6823,71,7,,5
663067,7135860,,3282,71,7,,5
663067,7135860,,3490,163,7,,4
663369,32794980,,5281,40,29,137,14.7
663369,32794980,,5425,144,29,137,10
667232,32630280,,3950,134,25,126,8.9
667232,32630280,,4552,146,25,126,14.9
669048,53009160,77603,2296,101,20,36,31.5
669048,53009160,77603,5403,132,20,36,9.45
669048,53009160,77603,5488,125,20,36,25.65
671895,10326300,,2275,44,13,,1.35
671895,10326300,,5135,131,13,,6.75
671895,10326300,,4461,163,13,,9.75
671895,10326300,,5505,85,13,,3.5
671895,10326300,,999,48,13,,9.25
671895,10326300,,1172,91,13,,5
671895,10326300,,1178,91,13,,5
671895,10326300,,1257,91,13,,5.35
671895,10326300,,6973,91,13,,5.95
671895,10326300,,3210,173,13,,10
671895,10326300,,3210,173,13,,10
671895,10326300,,3210,173,13,,10
672137,4983240,,8629,173,1,,10
676477,50934240,,743,91,9,,15
677265,33234420,24398,5281,40,29,58,13.23
678311,4362120,,1782,144,4,,10.5
679599,30301200,,2001,79,5,179,5
684998,111599220,127424,6438,92,22,211,19.9
685080,46090140,33489,2993,71,14,87,4.32
685080,46090140,33489,2047,71,14,87,3.06
685080,46090140,33489,1266,109,14,87,11.61
685080,46090140,33489,1060,52,14,87,9.45
685080,46090140,33489,1258,91,14,87,9.81
685080,46090140,33489,1663,92,14,87,17.01
688687,46086000,,5678,36,6,51,5
688983,13604760,,5477,48,1,,12
688983,13604760,,2859,48,1,,17.5
690479,32188980,,4440,92,33,81,7.2
690681,56891940,44514,5544,140,32,30,5.5
690681,56891940,44514,,,32,30,20
690681,56891940,44514,,,32,30,20
690681,56891940,44514,,,32,30,20
690992,69527880,,6329,49,13,118,13.5
690992,69527880,,3696,146,13,118,11.5
690992,69527880,,5953,71,13,118,5
690992,69527880,,1581,76,13,118,18.5
691468,7827660,,4117,140,20,,13.05
691509,56369580,25789,5621,80,26,34,20
691663,58548180,,4078,92,3,133,22.5
692087,21303060,,5839,71,8,,6.3
692087,21303060,,2996,71,8,,13.5
693970,1187520,,3726,140,35,,13.7
696289,30462840,,5908,71,11,22,3.4
701942,38928540,,3482,75,27,52,12.5
710247,60198900,,6301,36,21,1,15
716358,10948440,,4552,146,8,,11.5
718105,7124940,,6532,75,23,,16.5
722393,31255380,1365,5578,140,16,42,11.86
722393,31255380,1365,1608,75,16,42,11.39
722393,31255380,1365,3210,173,16,42,10
735092,30568380,,5266,71,1,2,11.06
735092,30568380,,5265,71,1,2,8.44
735092,30568380,,3313,71,1,2,4
735801,9211980,,5229,136,33,132,5
737689,2549700,,2296,101,16,,14
737689,2549700,,2288,101,16,,10
737689,2549700,,2992,71,16,,11.6
738676,114711120,,6577,138,1,99,26.3
746361,5399880,,5523,71,1,,7
750519,30646080,,942,110,1,2,5
753329,4462740,,2298,101,25,,9.3
756717,114893760,,5571,140,1,61,5
756717,114893760,,5572,140,1,61,5
758724,11302980,,1856,146,8,,22.5
759404,9478920,,3944,28,20,,10.35
759404,9478920,,3950,134,20,,7.65
759404,9478920,,969,163,20,,5.94
759794,30719340,,5583,99,5,116,12.8
759794,30719340,,2197,49,5,116,17.9
759794,30719340,,1124,134,5,116,8.9
760981,14818320,,5250,136,21,,24
762960,12747720,,7030,109,36,307,14.5
767221,19824840,,,,15,,4.3
767221,19824840,,,,15,,4.3
767221,19824840,,,,15,,4.3
767239,18285120,,4350,134,1,,6.9
769078,61312080,,6299,36,21,1,14.5
769078,61312080,,6153,36,21,1,10.5
769577,19743600,,5525,71,28,,7
769577,19743600,,5262,71,28,,7
769577,19743600,,3310,71,28,,3.4
769577,19743600,,5571,140,28,,4
769577,19743600,,5572,140,28,,4
773027,61409400,,282,36,21,1,24.5
773027,61409400,,6270,44,21,1,1.5
774886,38338380,,3281,71,4,117,4.5
775096,35744940,,4449,84,21,148,11.2
777628,49554660,95340,5541,140,6,132,11.7
777628,49554660,95340,2296,101,6,132,15.75
780672,60954600,,6574,122,25,34,10.51
780672,60954600,,5500,122,25,34,12.49
782028,7729560,,6459,92,27,,20
784599,35833320,,5996,71,9,,7
786212,410940,,6529,75,26,,16.5
795090,16797900,,5524,71,8,,7
795391,41598180,,6946,91,15,31,10.2
799841,10251900,,4109,140,33,132,13.7
800430,17579100,,1213,94,30,207,13.6
800944,8947080,,1260,173,7,,7.5
800944,8947080,,4950,75,7,,16.5
800944,8947080,,2520,51,7,,14.5
800944,8947080,,2085,99,7,,12
801100,30886740,,5841,71,1,2,7
801295,35393400,12908,3472,92,7,163,12.25
801295,35393400,12908,1143,92,7,163,8.45
803733,5146800,,1586,92,25,,22.7
806331,39362220,,5502,41,23,109,15.92
806331,39362220,,5991,71,23,109,7
808223,996180,,3500,60,28,,6.2
808223,996180,,1036,29,28,,6.5
808223,996180,,1115,29,28,,6.5
808223,996180,,3511,29,28,,7.6
809434,390420,,4101,75,29,,16.5
810820,919800,,3337,127,26,,8
810820,919800,,2824,49,26,,16.65
810820,919800,,2193,49,26,,12.15
817599,10682400,,4208,75,33,132,16.5
817599,10682400,,2601,82,33,132,7
817599,10682400,,5408,140,33,132,6.5
820551,32973960,,5234,133,22,54,17.2
821797,31425240,,1124,134,5,43,8.9
822356,1180440,,6529,75,28,,12
825527,61058460,,6823,71,5,204,8
825527,61058460,,5904,71,5,204,3.32
825527,61058460,,2994,71,5,204,4.68
832837,12416580,,5395,131,5,,16.5
832837,12416580,,4208,75,5,,16.5
836721,20425320,,8629,173,22,,19
836721,20425320,,5170,24,22,,4.3
838209,44127600,,5285,40,26,95,14.7
840477,73905240,,2999,71,38,206,15.5
840477,73905240,,6428,71,38,206,6
844879,40583760,,5391,82,4,44,14.4
845963,55611360,,2992,71,19,33,15
845963,55611360,,5607,71,19,33,9
845963,55611360,,5608,71,19,33,9
846624,37568220,,5428,142,25,126,12.3
847149,24169260,,3345,94,36,307,7.25
847149,24169260,,4456,94,36,307,5.95
847149,24169260,,5589,101,36,307,3.5
847149,24169260,,8465,136,36,307,5
847371,62090400,,4397,127,21,1,10.9
847371,62090400,,6148,36,21,1,28.5
848776,53019060,,5606,71,14,87,6
848776,53019060,,5601,85,14,87,7
852478,21837720,,4436,94,11,,18.4
852478,21837720,,2296,101,11,,17.5
854499,44803500,,4443,84,26,156,9.8
859268,12418140,,3983,75,11,,13.2
862242,4458900,,836,68,5,,8
866535,29443680,,5481,163,1,178,13.2
867401,4544760,,943,110,5,,5
869471,32640360,,3983,75,11,88,17
873862,14916720,,3482,75,2,,12
876175,32964360,,7040,91,36,129,18.9
882109,13108920,,3317,144,1,,14
882194,40565760,,4102,71,35,35,15
882194,40565760,,5289,40,35,35,11.5
883670,15069960,,2607,82,2,,6.4
886446,32111100,,5583,99,1,2,12.8
887632,1679880,,4208,75,29,,16.5
887632,1679880,,1224,110,29,,7.5
888309,4728240,,2296,101,5,,17.5
892791,12837420,,,,5,,30
892791,12837420,,,,5,,30
892791,12837420,,,,5,,30
892791,12837420,,8629,173,5,,15
900218,10942560,,4440,92,22,,7
904925,20001120,,6477,28,26,,3
904925,20001120,,2823,49,26,,18.9
908091,1346340,,4481,84,21,,17.5
908091,1346340,,3985,76,21,,16.5
910431,4300680,,1060,52,11,,10.2
910431,4300680,,2288,101,11,,12.5
914285,11014740,,4350,134,27,,6.5
914285,11014740,,6988,110,27,,7.5
914285,11014740,,5504,85,27,,7
914285,11014740,,5432,44,27,,5
914653,42901500,,2082,99,4,103,12.4
916108,52934520,,5604,71,17,32,8
916108,52934520,,3956,134,17,32,10.9
916108,52934520,,943,110,17,32,5
916191,76182000,147597,6325,99,38,213,3.7
916191,76182000,147597,6356,71,38,213,3.4
916191,76182000,147597,6312,36,38,213,23.85
920195,51805560,,7076,109,2,170,12.9
920195,51805560,,1053,109,2,170,10.9
921006,51890940,159541,5901,71,2,170,3.06
921006,51890940,159541,1153,91,2,170,19.53
921006,51890940,159541,2645,75,2,170,6.3
922496,53535120,,2952,75,17,32,18
922496,53535120,,6070,99,17,32,15.5
925007,52308000,,1122,134,2,170,8.9
925007,52308000,,4495,134,2,170,10.9
929142,34006200,63069,5393,131,36,129,19.35
929142,34006200,63069,5395,131,36,129,15.21
929142,34006200,63069,5394,131,36,129,21.51
929142,34006200,63069,5135,131,36,129,12.51
929142,34006200,63069,5133,131,36,129,13.41
929142,34006200,63069,4440,92,36,129,6.48
929142,34006200,63069,5588,101,36,129,7.83
929142,34006200,63069,4340,95,36,129,18.9
930168,76871100,,6468,71,38,211,13.5
930647,43672680,,893,80,4,185,12.5
930647,43672680,,5503,85,4,185,7
931637,57507300,,4554,51,14,87,15.6
931637,57507300,,6036,140,14,87,11
931687,34097100,,4440,92,36,134,7.2
934364,57244680,51762,943,110,8,107,2.5
934390,32967000,,1757,75,1,63,7
934390,32967000,,1759,71,1,63,3.4
934565,32967900,,6477,28,1,2,3
950170,35996700,,5748,99,22,122,6
952226,58791060,,5588,101,6,132,15
956841,54567900,,832,68,2,193,17.5
959134,78762900,65397,6325,99,13,75,3.7
959134,78762900,65397,6510,71,13,75,14.5
960730,69503760,,6406,36,16,34,25
960798,42313620,,4208,75,29,137,17
961248,41708580,,3842,44,9,,21.4
961248,41708580,,5918,44,9,,5
961248,41708580,,5881,164,9,,45
961248,41708580,,5890,164,9,,45
961248,41708580,,2541,75,9,,17
961248,41708580,,5867,36,9,,39.5
964354,45163680,,5223,136,20,195,20.5
966448,48853320,,5370,41,27,,10
971641,69955740,21406,6458,92,3,253,23.5
971641,69955740,21406,4552,146,3,253,13.2
972041,87832740,34420,6183,131,28,271,18.96
972041,87832740,34420,8518,92,28,271,14.8
972041,87832740,34420,6459,92,28,271,18.8
973717,70117440,,5952,94,3,192,22.9
979796,61320120,,6274,44,1,2,3.5
980524,32105040,,6531,75,28,177,17
980524,32105040,,5519,75,28,177,17
984794,47122440,,5585,99,23,109,7.8
985439,38144280,,3955,134,33,106,8.9
985439,38144280,,2639,138,33,106,8.3
985602,36685680,,4533,94,16,42,21.2
987758,43847940,,5585,99,29,58,7.8
988903,42994440,,1661,92,9,,18.9
988903,42994440,,840,69,9,,4.8
991635,41078220,,1586,92,7,163,23.2
991635,41078220,,1119,68,7,163,20.4
995200,41257680,,5998,71,7,165,7
995200,41257680,,3461,44,7,165,3
998011,61651920,,2068,146,1,2,15
1003449,44041800,,6557,146,9,,14.4
1003449,44041800,,2404,85,9,,9.8
1003449,44041800,,5315,146,9,,15.4
1005000,93636180,,286,36,21,212,40
1005878,59936760,52379,4475,84,8,222,12.5
1006819,70293840,,5235,48,36,36,16.48
1011102,36160980,,4362,127,11,78,14.4
1011102,36160980,,3343,127,11,78,15.4
1012446,80228220,,3482,75,38,214,12
1012448,115394640,159852,6834,28,29,276,6.9
1016145,40929660,,5840,71,21,148,7
1016145,40929660,,3671,24,21,148,3
1019936,61126500,,6037,140,17,32,13.7
1019936,61126500,,6039,140,17,32,13.7
1019936,61126500,,2992,71,17,32,15
1019936,61126500,,6564,119,17,32,38.5
1019936,61126500,,6958,91,17,32,10.9
1019936,61126500,,7034,109,17,32,15.2
1023855,59679480,,6299,36,9,,14.5
1023855,59679480,,5588,101,9,,7.5
1024112,64415520,,3482,75,19,33,13.5
1024367,35204100,,2567,140,5,116,13.8
1025787,61226700,,1761,76,17,32,17
1025787,61226700,,6122,148,17,32,19
1032026,78930780,,8473,99,16,34,11.8
1036697,46195260,54056,6458,92,25,161,18
1036697,46195260,54056,5507,75,25,161,15.3
1036697,46195260,54056,5841,71,25,161,6.3
1044350,61392360,27912,6213,99,2,3,13.5
1044350,61392360,27912,274,36,2,3,30
1044350,61392360,27912,5901,71,2,3,3.4
1046878,66673140,140959,5502,41,19,33,21.5
1049234,62176860,,4276,30,1,2,16
1049234,62176860,,6531,75,1,2,18
1049234,62176860,,5906,44,1,2,2
1049601,116793480,,6021,140,32,260,10
1051865,39172380,,1284,64,16,42,26.9
1051865,39172380,,5506,85,16,42,7
1054673,62009940,,2375,64,17,32,15
1055425,39453420,,4052,71,22,136,4.8
1056144,34100940,,5519,75,28,74,17
1056144,34100940,,5507,75,28,74,17
1059523,82987740,,5997,71,38,214,8
1059523,82987740,,8504,110,38,214,5
1059976,48871680,,5649,144,35,35,14.4
1064133,56105400,25067,3705,71,27,130,2
1064416,47406600,,4074,92,25,140,21.7
1065763,61995960,,6187,148,2,3,19
1065763,61995960,,3697,146,2,3,13
1066261,51109380,,6996,40,20,75,6.8
1069490,93355440,,1224,110,25,26,7.9
1071038,36264480,,1121,134,5,92,6.9
1071327,48255120,,5680,36,30,60,7.5
1071659,49659000,,1856,146,9,,22.9
1072348,83775600,,5490,71,13,34,4.5
1079632,48168360,145797,2527,52,29,46,8.9
1081330,56554620,26285,5607,71,15,31,4.5
1081330,56554620,26285,2404,85,15,31,8.5
1087260,43345920,,4440,92,21,147,7.2
1089904,48966600,39134,3953,134,30,143,8.01
1090042,79887180,,944,110,6,36,7.9
1090042,79887180,,5651,76,6,36,14.5
1090042,79887180,,1782,144,6,36,15
1091821,57594300,10793,5489,125,27,52,14.25
1091821,57594300,10793,5583,99,27,52,10
1092333,35214420,,2441,75,28,141,12
1092499,37644300,,5490,71,1,39,4
1095603,37390020,,3482,75,11,121,13.5
1100112,41533740,,2082,99,22,136,12.4
1100112,41533740,,1075,99,22,136,15.9
1100556,58279200,10483,4075,92,27,50,22.51
1100556,58279200,10483,6976,91,27,50,13.37
1100556,58279200,10483,1221,91,27,50,8.72
1102321,50694240,,2008,28,4,103,3.6
1107507,42739380,,3516,28,33,81,8.3
1114391,92588880,89150,6548,51,5,277,13.2
1114391,92588880,89150,280,36,5,277,22.5
1114391,92588880,89150,5651,76,5,277,34.8
1114391,92588880,89150,6762,40,5,277,21.2
1114391,92588880,89150,6761,40,5,277,21.2
1114391,92588880,89150,8468,101,5,277,6.32
1119696,103287600,124973,1668,91,27,305,24.7
1124860,67103100,,1707,163,6,132,8.5
1124860,67103100,,5500,122,6,132,11.5
1126740,94833540,,6417,134,14,271,14.4
1126740,94833540,,6474,71,14,271,18.5
1126740,94833540,,1121,134,14,271,8.4
1126740,94833540,,5610,71,14,271,6
1128735,38764020,39862,5608,71,1,138,7.2
1128735,38764020,39862,7058,41,1,138,15.21
1131475,64238220,,5969,71,1,2,13
1134439,93203940,,6720,36,5,289,25
1134439,93203940,,6619,148,5,289,8.5
1136409,77472780,,3641,29,19,33,18.7
1136840,45071460,,1045,91,21,171,10.9
1139489,44101560,,2527,52,33,81,7
1141751,39271260,101546,2685,52,1,2,11.84
1141751,39271260,101546,5316,146,1,2,13.91
1144976,72354240,14765,8495,110,14,119,7.5
1147289,33231000,,5260,71,1,61,15
1147289,33231000,,5606,71,1,61,8
1147289,33231000,,5265,71,1,61,10
1147289,33231000,,5843,71,1,61,7
1151562,65122080,123245,6280,146,1,2,13
1159491,61825320,,6325,99,26,12,3.5
1164927,43579200,,5843,71,16,66,7
1166918,37389540,,1586,92,28,74,23.2
1166918,37389540,,7028,109,28,74,14.8
1166918,37389540,,846,68,28,74,16.4
1168075,70211100,,6356,71,17,32,1.4
1168075,70211100,,6352,71,17,32,3.6
1168083,68897760,125095,4208,75,2,170,14.8
1172207,61639320,81319,6270,44,27,23,1.5
1172207,61639320,81319,6313,36,27,23,39.5
1175500,62346960,24686,5835,94,9,29,15
1175500,62346960,24686,6276,44,9,29,1
1175500,62346960,24686,5965,94,9,29,7
1175500,62346960,24686,3743,94,9,29,5
1176448,70886880,,5978,75,17,32,18.5
1177331,53808120,,4440,92,25,174,6
1177331,53808120,,4075,92,25,174,18
1184141,70206660,,3706,71,2,170,4.5
1184141,70206660,,3708,71,2,170,4.5
1184159,72631980,,1013,110,6,132,5
1185340,54040320,,2194,49,29,137,15.7
1185446,44809500,151158,748,91,22,54,13.5
1186532,70554360,70160,8508,109,2,170,11.35
1188086,63636780,,1124,134,8,212,9.5
1188086,63636780,,2030,146,8,212,13
1188579,39724800,,2952,75,5,171,17
1190103,45057660,,4440,92,22,136,7.2
1190285,72105060,,5901,71,17,32,3.4
1191330,56279520,26892,1709,163,4,103,13
1191330,56279520,26892,5980,75,4,103,9
1194554,99248580,,6855,146,30,48,21.7
1194554,99248580,,6958,91,30,48,11.6
1194554,99248580,,845,68,30,48,8.57
1196585,54920700,142661,2200,49,25,161,11.7
1196620,59396580,44992,6973,91,20,195,10.4
1196620,59396580,44992,5545,140,20,195,4.2
1196941,37026540,119588,5959,109,8,162,2.25
1196941,37026540,119588,1121,134,8,162,6.21
1197717,62010360,,279,36,27,23,24.5
1199322,55096740,,5393,131,25,126,22.5
1200968,46358760,12090,5973,71,33,81,13
1200968,46358760,12090,2289,101,33,81,8
1200968,46358760,12090,1583,92,33,81,9.45
1203367,100536480,7856,6824,71,32,127,8.2
1203367,100536480,7856,3985,76,32,127,18.7
1203367,100536480,7856,6353,76,32,127,18.7
1203367,100536480,7856,6350,75,32,127,18.7
1206573,110377080,,6857,76,27,50,15
1206573,110377080,,5186,44,27,50,5.4
1210647,60106560,48410,8479,148,20,195,5
1211150,93787380,,282,36,13,210,25
1211150,93787380,,6215,71,13,210,3.4
1211150,93787380,,968,110,13,210,7.9
1211150,93787380,,6544,71,13,210,4.8
1211150,93787380,,6566,71,13,210,4.5
1213350,96818820,25574,8495,110,14,34,6
1213814,74524140,,6496,163,17,32,21
1214809,100975200,,1679,75,5,212,18.7
1216768,43245720,,2197,49,36,47,17.9
1218403,60955620,,5427,142,23,10,17.8
1221669,40660740,78574,3663,24,5,189,2.7
1221669,40660740,78574,3756,24,5,189,2.7
1221669,40660740,78574,2952,75,5,189,15.3
1226433,60700380,58934,5649,144,20,195,12
1226483,38595060,120211,5135,131,28,74,6.95
1226483,38595060,120211,5394,131,28,74,11.95
1226483,38595060,120211,7058,41,28,74,8.45
1226483,38595060,120211,5501,41,28,74,8.2
1226483,38595060,120211,5133,131,28,74,7.45
1229127,93693720,,6573,78,16,36,4.5
1233013,105885000,,6468,71,35,48,13.7
1235442,41097780,,5023,28,5,43,5.5
1240513,95099580,,2441,75,13,118,12
1240701,46437180,,5748,99,16,97,6
1244430,118074240,,6887,36,5,277,28.5
1247303,108138660,,842,69,1,48,4.6
1247303,108138660,,8488,92,1,48,13.7
1250400,102598140,,3345,94,26,34,16.2
1252128,61669380,,5997,71,23,10,8
1257040,93189960,108215,6828,71,3,25,8
1258055,39724980,,6988,110,28,175,7.5
1258055,39724980,,2607,82,28,175,6.7
1262537,96833520,,6321,99,9,,3.8
1262874,91018500,,6830,71,19,33,8
1264835,114960120,140017,6280,146,27,50,14.5
1264835,114960120,140017,6546,48,27,50,19.9
1265437,60524940,48516,7029,109,35,35,10.64
1265437,60524940,48516,805,109,35,35,9.36
1267745,60538380,,5872,36,35,35,7
1269131,65273640,,3493,29,27,130,3
1269148,42299040,,743,91,5,92,15
1269148,42299040,,1281,109,5,92,12.9
1275073,45657480,,5678,36,11,78,5
1275073,45657480,,5545,140,11,78,4
1282955,98965020,,1060,52,25,36,10
1283273,45923340,,5606,71,11,78,8
1290754,36345720,,3953,134,1,39,8.9
1291251,50321700,,5477,48,21,147,12.4
1296127,56554740,22085,6325,99,7,155,1.75
1296244,82060200,,6417,134,6,51,14.2
1299935,61038480,57435,6135,36,4,44,35.56
1299935,61038480,57435,6180,36,4,44,18.01
1299935,61038480,57435,5903,71,4,44,6.12
1299935,61038480,57435,6192,148,4,44,5.85
1299935,61038480,57435,6001,71,4,44,3.06
1301415,36611340,,3641,29,1,63,16.9
1301415,36611340,,5905,71,1,63,3.4
1304337,60543360,9916,6186,92,29,20,24
1309298,48942960,146344,2068,146,16,91,4.75
1309406,62348940,,5589,101,20,16,8
1309406,62348940,,6213,99,20,16,13.5
1309406,62348940,,4443,84,20,16,10
1314835,36937380,59587,4340,95,1,84,18.9
1317845,45503820,,1707,163,1,61,8.8
1318272,47233080,,5972,71,11,166,13
1318272,47233080,,5847,75,11,166,22
1322231,47311080,,5344,94,11,71,17.5
1322231,47311080,,5753,94,11,71,19.75
1323857,84974160,151137,1060,52,2,131,12.5
1327391,47486040,157807,5852,48,11,166,12.51
1328073,100715580,1111,6503,71,13,118,14.7
1328073,100715580,1111,6524,75,13,118,18.7
1328073,100715580,1111,6923,125,13,118,29.2
1328073,100715580,1111,2823,49,13,118,22.2
1328779,73056780,3701,8456,110,1,138,7.11
1328779,73056780,3701,4340,95,1,138,18.49
1328779,73056780,3701,6212,99,1,138,3.5
1329310,42478500,,5998,71,28,175,4.77
1329310,42478500,,2988,71,28,175,10.23
1330017,63479640,,2020,44,20,41,11.5
1332731,50005260,,5997,71,16,91,7
1332731,50005260,,3704,71,16,91,4
1340372,97166520,17125,3669,24,38,213,3.6
1340429,61830840,,6326,99,4,199,3.5
1340429,61830840,,6323,99,4,199,3.5
1342493,51462420,7888,776,146,33,106,12.96
1342547,74366820,101621,8442,110,1,2,5
1346413,87222720,,5449,75,6,51,18.5
1346413,87222720,,5650,76,6,51,14.5
1346767,51708360,,6996,40,33,106,6.8
1349718,65292840,,2404,85,23,65,8.5
1354442,51378900,,4102,71,22,198,13.08
1354442,51378900,,5841,71,22,198,7.92
1354442,51378900,,5841,71,22,198,7.92
1354442,51378900,,4102,71,22,198,13.08
1354442,51378900,,5858,36,22,198,57
1354477,61820280,,5994,71,30,60,6.86
1354477,61820280,,6814,71,30,60,14.14
1354477,61820280,,6348,148,30,60,6
1356194,88774440,,6589,142,17,32,15
1356656,76103580,,5277,40,1,61,26.5
1356656,76103580,,5606,71,1,61,9
1356656,76103580,,5718,62,1,61,15
1356656,76103580,,4208,75,1,61,18.5
1360252,47124420,,4201,71,1,145,7
1360252,47124420,,3281,71,1,145,5
1362848,51533220,,1013,110,16,42,5
1365568,89467920,,6527,75,6,51,18.5
1370334,44126340,51649,6456,92,28,175,18
1371821,62184420,,6234,36,29,20,12.5
1372100,47466840,,3482,75,1,138,12
1372100,47466840,,2030,146,1,138,12.4
1378299,62775060,,3756,24,35,35,3
1379354,52486200,,5410,140,22,136,6.5
1383823,49565760,,5975,51,11,78,14.8
1389220,42661860,,1119,68,8,144,20.4
1390458,115649100,,5370,41,15,36,16.5
1391341,38849100,2953,3300,140,1,145,13.05
1391341,38849100,2953,4552,146,1,145,13.4
1392240,92073720,,1045,91,6,21,11.5
1393059,104148420,,6857,76,19,33,15
1393059,104148420,,6812,71,19,33,10.5
1396433,62196000,,280,36,25,161,24.5
1399973,79290060,,8521,109,26,114,11.5
1399973,79290060,,1221,91,26,114,11.5
1404457,108567000,,6453,163,13,320,17.7
1407830,93268860,,6828,71,17,32,8
1407830,93268860,,6609,71,17,32,8
1407866,85935360,85010,4554,51,1,2,16.5
1408000,68895420,85987,2988,71,20,75,12.4
1408000,68895420,85987,5903,71,20,75,2.72
1408311,74518440,,3767,71,9,,5
1411366,107083680,,4362,127,19,33,15.2
1415084,92756580,,6683,36,14,7,10
1415084,92756580,,6684,36,14,7,10
1415462,54990060,,5393,131,21,40,22.5
1416645,99750120,142458,6604,99,3,253,10
1420452,81428580,,6987,29,26,187,3.5
1421987,69939360,4985,6288,71,20,41,5
1421987,69939360,4985,5994,71,20,41,5
1421987,69939360,4985,5843,71,20,41,8
1425994,100370100,,2197,49,3,253,19.9
1426156,110714760,,6076,92,13,303,19
1426156,110714760,,8529,91,13,303,19.5
1426156,110714760,,8444,91,13,303,14.5
1427142,61814580,,8469,146,7,203,15.8
1429872,82225380,94297,6539,71,26,102,15.5
1429872,82225380,94297,5714,40,26,102,15.5
1432287,93625200,,6467,71,6,21,13.5
1440629,93726900,,286,36,6,21,20
1440700,111324360,,6223,163,19,33,8
1442237,72712740,104118,6459,92,23,160,23.5
1444106,55774620,36929,2988,71,33,81,7.5
1444345,93465660,,6619,148,14,7,8.5
1446024,62164620,71384,2824,49,7,155,17.55
1446024,62164620,71384,6194,148,7,155,17.1
1448462,65902860,,5023,28,29,164,6
1456269,65538600,,6532,75,25,18,18
1457034,65622240,,4010,75,25,126,12.5
1458178,53087400,,834,68,36,47,10
1458178,53087400,,836,68,36,47,10
1459482,114018060,,1121,134,13,320,8.7
1460353,56890740,56873,5852,48,22,136,13
1460353,56890740,56873,999,48,22,136,9.75
1463721,82128540,,6276,44,15,31,1
1464688,115203900,,4364,127,19,33,15.4
1464688,115203900,,4360,127,19,33,12.8
1465006,93874080,,8468,101,14,7,7.9
1465006,93874080,,2296,101,14,7,17.5
1465837,77896440,,5712,71,9,,5
1465837,77896440,,4011,76,9,,8
1468417,114952080,68148,1680,75,13,48,18.9
1468563,68907180,,4176,146,35,35,21.2
1473021,47830980,,5488,125,28,62,26.9
1473021,47830980,,3217,48,28,62,20.4
1473021,47830980,,3949,134,28,62,10.9
1479039,57489180,8992,6194,148,16,97,9.5
1479039,57489180,8992,4076,92,16,97,18
1480457,49033620,,5843,71,5,43,7
1480578,57340680,12956,8444,91,33,81,6.75
1480578,57340680,12956,6183,131,33,81,18
1480578,57340680,12956,6227,131,33,81,14.32
1480818,96568980,,6186,92,6,51,8
1483516,99742500,,6615,52,2,170,15.7
1483516,99742500,,4078,92,2,170,23.7
1483516,99742500,,1670,125,2,170,29.2
1485131,58444860,46261,2999,71,21,40,15
1485707,48358440,,5980,75,28,175,17
1487941,105895800,,6556,146,3,158,16.7
1487941,105895800,,8535,146,3,158,16.7
1487980,49383000,140704,6978,91,5,92,14.85
1489210,69690420,,2491,44,4,226,5
1491368,68399220,59057,744,91,30,60,17.5
1492282,101307540,,4481,84,17,32,18.9
1493095,101407560,,6532,75,17,32,18.7
1493095,101407560,,4430,24,17,32,4.6
1493913,54905820,,4201,71,11,166,7
1494386,57862620,50053,5401,132,33,45,8.5
1494386,57862620,50053,1761,76,33,45,17
1494386,57862620,50053,5623,28,33,45,4.5
1497285,58626480,8885,6066,99,16,97,13.5
1498311,58800900,50650,1781,144,22,136,10
1498311,58800900,50650,3956,134,22,136,11.5
1503536,55158480,,4554,51,36,47,12
1503536,55158480,,3756,24,36,47,3
1503635,86542440,,5998,71,15,31,8
1511367,96580680,111436,4437,71,14,278,7
1515384,59134020,,1759,71,33,45,3.4
1515384,59134020,,4325,71,33,45,4.8
1517732,57416400,49793,8453,110,11,78,7.5
1517732,57416400,49793,5535,140,11,78,11
1517732,57416400,49793,5573,140,11,78,5.5
1519922,46861980,,5557,140,8,118,13
1519922,46861980,,6973,91,8,118,12.2
1519922,46861980,,5970,71,8,118,13
1519922,46861980,,5539,140,8,118,10.5
1523220,109178940,,6215,71,3,191,3.9
1523296,56210460,33579,7045,109,36,129,6.2
1523296,56210460,33579,5983,28,36,129,12
1523296,56210460,33579,7102,111,36,129,5
1523296,56210460,33579,3458,44,36,129,6.5
1524513,79788900,11371,2197,49,23,109,19.9
1524541,70734600,85700,5002,144,30,60,14.5
1524541,70734600,85700,7082,109,30,60,11.35
1525971,50245920,,5975,51,28,175,14.8
1529764,80150820,98448,3984,71,23,65,12.4
1530670,58125660,,5490,71,11,166,4
1532352,60779460,,1013,110,21,1,5
1535249,66836040,,6405,36,7,155,10
1536264,66852300,,3767,71,7,155,5
1536264,66852300,,5201,142,7,155,13
1539259,51217560,,5587,101,5,92,12.8
1539965,108818040,,6825,71,17,32,8.5
1541120,60790380,,5903,71,16,8,3.4
1542145,79713360,,6354,76,20,75,4.5
1543371,79794840,,6484,99,20,75,5
1543371,79794840,,6449,71,20,75,10
1543786,72706260,,5812,125,29,58,19.9
1559437,74187000,156045,2197,49,29,46,15.9
1560407,52150860,,3985,76,5,178,17
1563254,73740900,90323,6458,92,30,82,23.5
1564909,58029540,9582,5605,71,36,47,9
1564909,58029540,9582,5410,140,36,47,6.5
1564909,58029540,9582,5650,76,36,47,13.5
1564909,58029540,9582,2859,48,36,47,15.12
1564909,58029540,9582,5852,48,36,47,13
1566673,83778900,40477,6225,131,23,160,26.7
1569290,48182820,153318,4362,127,8,133,12.96
1569290,48182820,153318,5276,40,8,133,23.22
1589168,55354500,,5560,140,1,61,4.2
1589168,55354500,,5537,140,1,61,4.2
1594755,110210460,132612,5501,41,6,315,18.4
1594755,110210460,132612,6556,146,6,315,10
1595775,61923900,56646,2527,52,22,9,10.5
1595775,61923900,56646,6325,99,22,9,3.5
1597345,117465420,,4424,24,2,216,4.9
1597345,117465420,,4426,24,2,216,4.9
1599352,78321600,,3527,28,4,44,7
1599352,78321600,,4173,49,4,44,26.5
1601087,45073500,9589,5583,99,1,39,11.52
1601785,61907160,,6314,36,33,13,14.5
1601785,61907160,,6326,99,33,13,3.5
1602588,53966760,,5610,71,5,189,6
1602588,53966760,,2375,64,5,189,15
1603422,76340580,,5713,40,30,238,26.5
1607446,78312900,111576,6462,71,25,265,10.8
1607446,78312900,111576,5586,101,25,265,18.5
1609666,62365620,,6064,99,16,8,11.43
1609666,62365620,,6062,99,16,8,8.57
1610607,88593660,,5904,71,23,65,3.4
1613083,107188200,14538,1679,75,14,278,18.7
1617856,79110480,,4342,29,4,185,12
1619898,79031640,121915,2296,101,25,161,17.5
1619898,79031640,121915,5586,101,25,161,18.5
1623315,108394140,30215,5173,24,14,85,4.6
1624257,62267820,,5169,24,33,13,4.5
1624257,62267820,,3669,24,33,13,3
1625146,87132960,,6557,146,9,,16.5
1632224,62180580,,5233,133,11,22,12
1634195,55594920,19002,6064,99,5,204,10
1639424,116177700,,2195,49,6,51,14.5
1641158,62274420,,6177,36,11,22,39.5
1642167,64832820,,5490,71,21,208,8
1642860,56035020,18775,2952,75,5,43,9
1643992,61071060,7062,5748,99,11,22,6
1643992,61071060,7062,1988,75,11,22,7
1645330,64498800,162367,3279,71,16,91,8
1645330,64498800,162367,5850,75,16,91,22
1645330,64498800,162367,6213,99,16,91,13.5
1647533,64595760,,4495,134,16,97,12.5
1649854,62696280,,2503,44,11,22,19.9
1651016,89043120,,805,109,9,,12.5
1651963,64842240,,5974,71,16,97,13
1651963,64842240,,4449,84,16,97,11.8
1651963,64842240,,3502,99,16,97,5
1653059,79634880,,6419,134,30,238,12
1654753,61415040,,276,36,11,22,15
1654753,61415040,,6270,44,11,22,1.5
1658216,76786860,164731,6462,71,7,155,10.8
1658216,76786860,164731,6492,163,7,155,21
1658216,76786860,164731,4080,92,7,155,23.5
1658216,76786860,164731,1000,92,7,155,15.5
1658216,76786860,164731,743,91,7,155,17.5
1658216,76786860,164731,1749,92,7,155,23.5
1658216,76786860,164731,6491,44,7,155,4
1658216,76786860,164731,6498,44,7,155,3.5
1658216,76786860,164731,6500,44,7,155,12
1660538,56731860,32265,5810,94,28,201,5
1661516,81792060,2713,6459,92,29,164,23.5
1661516,81792060,2713,8529,91,29,164,18.9
1662492,47047740,,5291,94,1,39,18.4
1663438,56885880,,5595,140,28,152,15
1664039,65710560,,6477,28,16,91,4
1664306,65902140,,948,110,21,173,7.5
1665163,82293360,,5841,71,4,103,8
1666477,65985720,138209,3987,71,21,147,3.6
1666477,65985720,138209,8492,110,21,147,6.75
1666686,65873100,,5553,140,16,91,11
1668174,57066660,,5316,146,28,62,18.5
1677273,47472300,,3671,24,1,138,3
1677945,66509460,,8474,99,16,235,11.2
1680138,66666780,43720,3949,134,21,148,13.5
1681617,61145880,,6194,148,1,2,19
1683076,65454420,,3767,71,22,54,5
1683076,65454420,,6288,71,22,54,5.5
1683076,65454420,,8502,110,22,54,3.5
1683096,78597480,,6211,99,7,255,5
1684567,84904560,72271,8529,91,25,161,18.9
1684567,84904560,72271,846,68,25,161,14
1684567,84904560,72271,1257,91,25,161,11.5
1684614,84204060,,6419,134,29,164,12
1684646,47638560,,2197,49,1,138,17.9
1684646,47638560,,3280,71,1,138,5
1684646,47638560,,4452,84,1,138,28
1684968,93093600,,6536,95,20,101,18.5
1686691,78924900,92761,5972,71,7,67,10
1686691,78924900,92761,3502,99,7,67,5
1686691,78924900,92761,6556,146,7,67,16.5
1691593,92070600,8782,6569,71,9,,4.5
1691593,92070600,8782,6832,78,9,,4.5
1691593,92070600,8782,6570,71,9,,4.5
1691593,92070600,8782,6696,36,9,,28.5
1695858,93634260,,6830,71,23,10,8
1695858,93634260,,6826,71,23,10,8
1695858,93634260,,6829,71,23,10,8
1696445,115579080,88150,6910,36,14,254,35
1699562,61827240,,274,36,1,2,15
1699562,61827240,,6270,44,1,2,1.5
1699762,58988520,,3950,134,28,62,11.5
1699762,58988520,,1121,134,28,62,7.9
1700407,111675000,,1673,75,15,31,13.5
1707395,62255760,,5997,71,36,15,8
1707395,62255760,,6532,75,36,15,18
1707395,62255760,,3983,75,36,15,18
1707395,62255760,,5998,71,36,15,8
1710648,113402820,,6201,131,15,31,29.8
1711755,54141120,,6285,134,8,72,7.5
1716157,62347440,,6122,148,36,15,19
1716157,62347440,,6194,148,36,15,19
1716157,62347440,,6187,148,36,15,19
1716845,84189000,,1663,92,30,60,19.5
1718104,66931560,61933,5965,94,33,45,7
1718104,66931560,61933,8469,146,33,45,12.65
1721757,115645380,,4427,24,15,31,4.9
1721757,115645380,,6766,146,15,31,2.6
1721757,115645380,,1766,41,15,31,2.6
1721757,115645380,,6764,134,15,31,2.6
1721757,115645380,,6321,99,15,31,4
1722817,67256040,,1116,60,33,81,6.7
1733932,68038980,11685,7072,109,33,45,13.5
1733932,68038980,11685,1211,109,33,45,13.5
1737324,69536040,,5561,140,21,173,11.6
1737324,69536040,,315,36,21,173,17.15
1737324,69536040,,6323,99,21,173,3.7
1742610,68213940,162855,6327,49,11,71,13
1742610,68213940,162855,3608,49,11,71,13.52
1745031,68818440,42179,5277,40,33,106,26.5
1745480,49898940,,5994,71,1,149,7
1745480,49898940,,5839,71,1,149,7
1746583,84446940,139276,6608,75,7,67,12.5
1757506,96912540,,4201,71,20,303,7
1759512,97148220,,6826,71,20,41,8.2
1760055,92171640,,6767,94,29,283,22.9
1760055,92171640,,6702,36,29,283,39.5
1760055,92171640,,6727,36,29,283,39.5
1762747,99139560,98763,6418,52,23,160,11.2
1763326,97495620,,7082,109,20,303,14.5
1763326,97495620,,6215,71,20,303,3.5
1763945,93633780,143123,5585,99,35,35,8.9
1763945,93633780,143123,5901,71,35,35,3.4
1769315,59322780,,5903,71,8,116,3.4
1772417,98555100,,4533,94,20,41,23.2
1772417,98555100,,5587,101,20,41,14.4
1772786,62187420,,6288,71,5,228,6.85
1772786,62187420,,2996,71,5,228,14.15
1772786,62187420,,1760,71,5,228,4.8
1774745,65622660,139687,5839,71,36,174,8
1775679,72381000,41143,6613,140,21,212,11.6
1775679,72381000,41143,1500,146,21,212,18.5
1776493,72463200,77231,8453,110,21,173,7.1
1776493,72463200,77231,4361,127,21,173,6.5
1778181,93876420,,2503,44,35,35,20.5
1778181,93876420,,6827,71,35,35,8
1778181,93876420,,6832,78,35,35,4.5
1785108,60022740,,6256,75,8,107,7
1788485,76160340,,3983,75,16,91,18.5
1791995,103387800,11280,6613,140,23,65,11.7
1793006,76521540,,1750,92,16,42,23.5
1798557,92156820,20493,5852,48,30,238,13.7
1799772,90174540,159773,6799,148,7,155,3.88
1799772,90174540,159773,8561,109,7,155,8.48
1799772,90174540,159773,5970,71,7,155,2.99
1800888,98108640,15906,1121,134,9,,8.4
1800888,98108640,15906,6586,163,9,,15.2
1806001,67458060,121918,4208,75,11,228,18
1806176,96549480,,5316,146,35,35,21.7
1810640,63822900,,6271,44,5,4,13.5
1813721,99314160,101010,6813,71,9,,15.7
1813721,99314160,101010,5572,140,9,,4.5
1813721,99314160,101010,5571,140,9,,4.5
1817913,78508920,,3767,71,16,42,5
1817913,78508920,,8500,110,16,42,5
1821868,68295960,,5843,71,11,221,5
1821868,68295960,,5841,71,11,221,5
1823365,93724140,,6688,36,30,60,10
1828814,76339020,55559,8474,99,21,212,11.8
1828814,76339020,55559,8473,99,21,212,11.8
1828814,76339020,55559,5587,101,21,212,14.2
1828814,76339020,55559,8462,109,21,212,13.5
1832812,94584420,,4950,75,30,82,12
1836549,92763480,22,6777,44,7,155,2.25
1836549,92763480,22,6976,91,7,155,8.75
1836549,92763480,22,1143,92,7,155,8.75
1836549,92763480,22,8444,91,7,155,7
1836549,92763480,22,1044,91,7,155,5.75
1836549,92763480,22,6953,91,7,155,5.75
1837420,61638480,,6070,99,8,107,15.5
1837420,61638480,,3954,134,8,107,11.5
1839821,92932200,89604,6683,36,7,155,10
1839821,92932200,89604,6783,44,7,155,1
1840631,64516080,,6325,99,28,152,3.5
1840631,64516080,,6326,99,28,152,3.5
1845835,96302760,,5136,131,25,281,20.7
1845835,96302760,,5172,24,25,281,4.6
1847651,96652020,,5933,71,29,58,6
1849108,65026800,,2601,82,28,175,8
1857279,96730080,,5974,71,30,60,10
1857279,96730080,,5978,75,30,60,12
1857279,96730080,,7107,64,30,60,31.3
1858572,81620520,,5649,144,16,97,17.5
1862542,98281740,63086,4076,92,29,52,23.7
1862542,98281740,63086,6530,75,29,52,12
1864927,98478600,,1687,36,29,58,25
1866375,97440480,51176,6064,99,30,81,10
1866619,93715200,,5606,71,7,203,9
1866619,93715200,,6353,76,7,203,18.5
1866836,65980920,127216,6355,71,28,201,8
1866836,65980920,127216,6041,140,28,201,4.2
1868023,99406680,,6589,142,4,44,15.2
1882757,113754420,52494,2076,91,20,195,17.9
1883781,101304240,,1687,36,4,264,25
1886021,66945360,20693,6350,75,28,152,14
1886021,66945360,20693,8469,146,28,152,12.64
1886366,56217540,20264,2607,82,1,138,3.75
1891772,67858020,297,3954,134,5,92,5.75
1891772,67858020,297,8469,146,5,92,7.9
1891772,67858020,297,5501,41,5,92,8.25
1891772,67858020,297,3951,134,5,92,3.75
1891772,67858020,297,1660,92,5,92,9.5
1893145,117907200,40643,6602,101,23,109,12
1895226,67534140,,2193,49,28,201,13.9
1900280,74441400,,6493,163,36,15,21
1903092,107703960,,5478,134,9,,14.4
1903345,81352020,,8468,101,21,259,7.9
1903786,85404900,30770,1856,146,22,252,24.7
1903786,85404900,30770,7082,109,22,252,14.2
1904356,62853420,,6305,71,8,84,3.5
1904356,62853420,,5850,75,8,84,20
1906255,103826100,,5448,94,29,20,15
1908047,101652060,51242,5507,75,30,60,18.7
1908047,101652060,51242,6556,146,30,60,12.5
1908047,101652060,51242,6541,71,30,60,4.9
1908047,101652060,51242,5841,71,30,60,8.2
1908832,63817620,12769,6227,131,1,2,17.9
1909645,86778660,,6514,134,16,97,14.5
1911488,117823440,,6279,146,20,41,14.5
1911488,117823440,,6772,49,20,41,17.4
1912989,57597420,55875,5608,71,1,39,4.5
1914566,69007080,,6069,99,5,92,16.3
1917273,74012160,,5585,99,11,221,8.9
1919068,87663780,,1122,134,16,207,10
1922747,98459460,,6417,134,7,203,14.4
1930219,110564340,,5224,136,9,,5
1933585,88961580,,6256,75,22,54,7
1933660,64162980,,5173,24,8,116,9
1933660,64162980,,5170,24,8,116,9
1933660,64162980,,2276,75,8,116,50
1933680,109335360,97813,8529,91,25,70,19.5
1936534,83860200,,6524,75,21,40,18.5
1936534,83860200,,6487,76,21,40,18.5
1936990,105532980,62755,6589,142,30,60,15.2
1938129,85334940,124042,5169,24,11,192,4.5
1938959,64333260,,3482,75,8,162,12.5
1940208,105882960,,4362,127,30,82,15.2
1940208,105882960,,4363,127,30,82,11.6
1940208,105882960,,6064,99,30,82,14.4
1940208,105882960,,5813,44,30,82,2.02
1940415,70198620,,5953,71,28,152,3.5
1940415,70198620,,6484,99,28,152,3.5
1940415,70198620,,5608,71,28,152,5
1940415,70198620,,5606,71,28,152,5
1941719,67021440,122858,3975,76,1,61,10
1941719,67021440,122858,5987,80,1,61,15
1941719,67021440,122858,5235,48,1,61,15.7
1942799,77717460,,6041,140,36,241,4.4
1942799,77717460,,4276,30,36,241,16.5
1955792,76706640,,5998,71,11,100,8
1955792,76706640,,3669,24,11,100,3.5
1956431,65384160,,843,69,8,162,4.5
1957489,87228300,,5651,76,33,81,10
1957489,87228300,,836,68,33,81,10.5
1957489,87228300,,1164,80,33,81,8.25
1957489,87228300,,7024,91,33,81,14.5
1959599,116260680,,1060,52,35,35,13.2
1959599,116260680,,6909,36,35,35,35
1959818,108139440,70561,5623,28,30,82,4.6
1959818,108139440,70561,5592,140,30,82,8.5
1959818,108139440,70561,6973,91,30,82,13.7
1961248,113577060,160346,6603,99,9,,9.9
1961248,113577060,160346,6326,99,9,,4
1961812,102352080,,6462,71,7,309,13.7
1968542,92756580,82853,286,36,22,252,20
1969906,66067200,,8500,110,8,56,20
1970393,114602640,,6909,36,9,,70
1971624,69603840,50903,3482,75,1,2,10
1971624,69603840,50903,5972,71,1,2,13
1971624,69603840,50903,5970,71,1,2,13
1975145,72809580,19121,5428,142,5,189,12.5
1975392,79615260,,1121,134,36,241,8.3
1976579,93178680,28794,6725,36,22,54,14.25
1976579,93178680,28794,5747,131,22,54,14.75
1976579,93178680,28794,6736,36,22,54,6.25
1976579,93178680,28794,6553,140,22,54,14.4
1976579,93178680,28794,3482,75,22,54,8.5
1976579,93178680,28794,4272,30,22,54,9.25
1976579,93178680,28794,5536,140,22,54,14.4
1976579,93178680,28794,5994,71,22,54,4
1976579,93178680,28794,1663,92,22,54,9.75
1976579,93178680,28794,3663,24,22,54,1.75
1976579,93178680,28794,6631,148,22,54,6.25
1976579,93178680,28794,6619,148,22,54,8.5
1976579,93178680,28794,5967,140,22,54,3.25
1976579,93178680,28794,5966,140,22,54,3.25
1976579,93178680,28794,6976,91,22,54,8.75
1976579,93178680,28794,5316,146,22,54,10.75
1976579,93178680,28794,6041,140,22,54,2.2
1976579,93178680,28794,5538,140,22,54,2.2
1978954,115579560,,6579,144,9,,26.3
1981320,112195080,54837,6856,71,29,261,6
1981320,112195080,54837,6419,134,29,261,12.9
1981955,87061920,,5908,71,21,173,3.4
1985306,80245800,50355,5993,134,36,263,12
1985306,80245800,50355,6417,134,36,263,14.2
1985306,80245800,50355,3950,134,36,263,12
1985306,80245800,50355,1122,134,36,263,10
1985306,80245800,50355,8480,109,36,263,3
1985580,66935700,135224,7058,41,8,133,14.32
1985580,66935700,135224,6355,71,8,133,8
1985580,66935700,135224,6358,71,8,133,15
1988010,80477580,121810,6288,71,36,47,8
1988010,80477580,121810,6816,71,36,47,15.5
1988010,80477580,121810,6355,71,36,47,8
1988010,80477580,121810,6350,75,36,47,18.5
1988010,80477580,121810,3343,127,36,47,12.7
1988010,80477580,121810,4364,127,36,47,11.6
1989542,93556380,,6820,71,22,252,8
1989542,93556380,,6352,71,22,252,4.8
1989543,89979900,,2296,101,33,143,17.5
1989659,87822060,,1030,109,21,212,8.5
1991008,74082600,,843,69,5,43,4.5
1991008,74082600,,1664,92,5,43,19.5
1991008,74082600,,1045,91,5,43,11.5
1991008,74082600,,1221,91,5,43,11.5
1991008,74082600,,2296,101,5,43,17.5
1992094,106742280,,6814,71,7,5,15.7
1994737,93710880,,5996,71,22,54,8
1996592,79107180,,1608,75,11,88,12
2000605,90774840,,6525,75,33,238,18.5
2000929,107975280,,6471,71,7,203,15
2000929,107975280,,2491,44,7,203,5.2
2003021,73491900,,4362,127,1,49,12
2004344,115308840,,6830,71,29,261,6
2004344,115308840,,6868,71,29,261,6
2010737,68483640,91703,1154,91,8,222,23.5
2010752,68483640,,6356,71,8,222,3.4
2012924,92588880,32301,5900,71,11,100,2.7
2018369,80245140,,5568,140,11,259,11.6
2018369,80245140,,5573,140,11,259,11.6
2019063,75050100,108550,2503,44,1,63,20.5
2022273,90859320,55126,6535,146,21,259,18.5
2022273,90859320,55126,6817,71,21,259,15.5
2029082,81339600,,5587,101,11,228,14.2
2029082,81339600,,5585,99,11,228,8.9
2031508,92659560,2408,8535,146,33,13,13.2
2032201,77287380,,6573,78,5,75,4.5
2033673,70293720,17775,4552,146,8,162,13.2
2039857,92398320,46162,6526,75,21,173,14.8
2043540,71073120,47058,5391,82,8,84,15.5
2045831,97096500,,6183,131,16,97,23.9
2046536,93272520,,6731,36,33,3,19.8
2048171,92855040,,4362,127,21,259,15
2048171,92855040,,3343,127,21,259,15.9
2048171,92855040,,6787,44,21,259,2
2048296,78759180,6334,6449,71,28,62,20
2048296,78759180,6334,5535,140,28,62,20
2048410,93960960,,1764,146,11,22,13.7
2048410,93960960,,5370,41,11,22,15.9
2050850,100353780,15536,5967,140,22,54,6.7
2050850,100353780,15536,6359,140,22,54,6.7
2050850,100353780,15536,6213,99,22,54,14.4
2050850,100353780,15536,1766,41,22,54,2.5
2050850,100353780,15536,6766,146,22,54,2.5
2062610,84731700,99825,6609,71,11,62,6.5
2062610,84731700,99825,6437,92,11,62,15
2062748,88099860,,4481,84,36,15,18.7
2062748,88099860,,6610,71,36,15,15.5
2062748,88099860,,5994,71,36,15,8
2062748,88099860,,6609,71,36,15,8
2064419,66050580,150065,5649,144,1,99,15
2064442,79961040,,6483,99,28,62,10
2064832,95527500,,6218,71,11,100,3.44
2064832,95527500,,8499,110,11,100,3.91
2066060,79883580,150213,6288,71,5,204,5
2066060,79883580,150213,5900,71,5,204,3.4
2066473,95687700,,6825,71,11,62,5
2067254,93806100,,6617,148,33,13,19
2067254,93806100,,6756,36,33,13,25
2067519,93808740,,5904,71,33,13,3.4
2067629,73844460,89215,6226,131,8,116,15.9
2067629,73844460,89215,5570,140,8,116,14.4
2069114,88964040,,5544,140,36,15,11.6
2069324,88973400,142227,6491,44,36,15,4
2073405,93725160,,6753,36,21,259,15
2076982,79794840,,2951,75,1,2,12
2077426,67458900,,5500,122,1,61,11.5
2079727,81630660,,8504,110,28,201,5
2079727,81630660,,4397,127,28,201,9
2080437,81369420,,6548,51,5,209,16.5
2080831,97351200,,6745,36,11,171,28
2081320,86609100,,5967,140,11,88,19.5
2086258,91121820,,6465,71,36,15,13.5
2086271,98378520,9686,1683,75,11,100,18.7
2086271,98378520,9686,6418,52,11,100,11.2
2086271,98378520,9686,6186,92,11,100,8
2088359,87393660,51218,1121,134,11,166,8.3
2089485,94499400,,6400,69,21,40,5
2090018,94575600,,4950,75,21,40,12
2091091,68757600,,5755,94,1,138,11.5
2095381,69078600,,8499,110,1,138,5
2095381,69078600,,6365,36,1,138,12.5
2095381,69078600,,6432,44,1,138,2
2095758,83001000,,4424,24,5,189,4.5
2096456,81688020,,8454,110,1,145,7.9
2098424,92320320,19475,6820,71,36,15,8
2098994,83425800,41240,2296,101,5,218,17.5
2098994,83425800,41240,5651,76,5,218,10
2099578,96560520,,6523,75,33,143,12
2102642,69608160,,6119,75,1,2,15
2109582,111082020,137267,1764,146,22,198,10
2109582,111082020,137267,6279,146,22,198,10
2109582,111082020,137267,6353,76,22,198,13.5
2110420,97687260,8645,6830,71,33,143,8.21
2110420,97687260,8645,6799,148,33,143,3.29
2110440,111165360,17628,6480,71,22,198,11
2110778,70224060,77987,4477,84,1,145,10
2110778,70224060,77987,4010,75,1,145,10
2110796,101654280,,6481,71,11,100,13.7
2117176,85598100,,5605,71,28,141,5
2119697,103731180,,6999,40,11,133,7.6
2125151,72890880,124323,6840,131,1,145,25.83
2125151,72890880,124323,834,68,1,145,10.5
2125151,72890880,124323,6212,99,1,145,3.5
2130123,105727680,,2404,85,11,100,8.6
2130413,73243980,27458,6328,49,1,39,13.7
2131298,86471820,,4208,75,28,228,18.5
2132406,73407720,,1143,92,1,178,17.5
2136788,93108600,,1665,92,11,62,19.5
2138475,87496260,103860,6186,92,5,212,7.9
2140245,93792240,,6717,36,36,15,15
2144339,85933200,,900,109,1,2,8.5
2148858,102350220,85806,6817,71,33,143,15.7
2148858,102350220,85806,5570,140,33,143,10.22
2148858,102350220,85806,6031,140,33,143,8.19
2150667,117884220,,6527,75,22,122,18.9
2150667,117884220,,7033,109,22,122,14.8
2150667,117884220,,1056,109,22,122,12.5
2152173,75211740,35621,6453,163,1,145,17.5
2155744,89387820,3968,4334,73,5,4,15.9
2156829,87229260,,1121,134,1,2,8.3
2159009,94315680,,5225,136,11,22,7.5
2163759,116777640,,6820,71,16,325,8.5
2163759,116777640,,8570,110,16,325,8.3
2164205,111071940,,2998,71,11,133,4.9
2165156,91043940,67667,6608,75,5,212,18.5
2166352,76609920,52362,6484,99,1,138,7
2168233,90761220,7330,6798,148,28,175,5
2168233,90761220,7330,6799,148,28,175,5
2168447,76782360,,8453,110,1,99,7.9
2169098,111687420,136878,6512,71,11,318,11.55
2169098,111687420,136878,6462,71,11,318,11
2169098,111687420,136878,5316,146,11,318,15
2174213,104761920,94116,6812,71,21,147,10.5
2174213,104761920,94116,1807,28,21,147,4.2
2177365,77549520,53379,5535,140,1,2,9.28
2177365,77549520,53379,2197,49,1,2,15.92
2177500,89825820,71908,4211,92,1,2,24.5
2182143,77904420,36673,5566,140,1,2,17.9
2182143,77904420,36673,5288,40,1,2,10
2182143,77904420,36673,5403,132,1,2,5
2182143,77904420,36673,5605,71,1,2,6.3
2182143,77904420,36673,6212,99,1,2,5
2185966,84188220,,5608,71,8,258,9
2188076,98635680,32595,6350,75,36,15,12
2189336,93172980,,2193,49,5,43,16.5
2189937,84710940,132276,5975,51,8,212,16.5
2189985,84714540,,6560,146,8,212,16.5
2192761,93021660,,6619,148,28,24,8.5
2195136,92078460,,6213,99,1,2,14.2
2195136,92078460,,5486,125,1,2,6
2197040,85572600,,5904,71,8,257,3.4
2197040,85572600,,5903,71,8,257,3.4
2197040,85572600,,3663,24,8,257,3.5
2198838,108316620,,6226,131,21,147,16.2
2198838,108316620,,5235,48,21,147,16.7
2201372,110136900,62789,4437,71,33,13,7.06
2201372,110136900,62789,6482,71,33,13,19.5
2207391,110898360,,6906,36,33,82,7
2208457,93794640,,6710,36,5,296,35
2209078,79888080,74544,6289,75,1,2,12
2209078,79888080,74544,5777,136,1,2,12
2209078,79888080,74544,4397,127,1,2,9
2209078,79888080,74544,6512,71,1,2,14.5
2209389,111164340,109074,5651,76,33,143,15.5
2209389,111164340,109074,6536,95,33,143,18.9
2211042,111347340,13583,1685,125,33,81,17.4
2211042,111347340,13583,1674,75,33,81,13.5
2211042,111347340,13583,6863,71,33,81,15
2215554,88195080,,5748,99,8,151,6
2219931,94494420,38688,5654,71,5,289,10
2223082,94578300,,5598,30,28,152,5.5
2232561,114697320,,6856,71,33,45,6
2234994,104511720,157428,6517,79,11,62,24.7
2234994,104511720,157428,5904,71,11,62,3.5
2234994,104511720,157428,6973,91,11,62,13.7
2234994,104511720,157428,8535,146,11,62,16.7
2237520,107017920,,6326,99,36,15,3.8
2238617,115739340,,1044,91,33,45,12
2240050,105561720,674,1670,125,11,88,29.2
2241204,116180520,62951,6030,140,33,45,18.9
2241218,96051960,5145,847,68,1,2,10.6
2241218,96051960,5145,8532,91,1,2,17.7
2241218,96051960,5145,1143,92,1,2,17.7
2241218,96051960,5145,6974,91,1,2,17.7
2241218,96051960,5145,8514,92,1,2,14.7
2243211,115140840,,6462,71,21,291,15.8
2244534,115408560,163954,6973,91,21,291,14.2
2245115,97078740,72698,6616,148,5,43,19.2
2245930,92000400,56004,6835,44,8,17,4.5
2246214,92054220,,6823,71,8,116,8
2246214,92054220,,6066,99,8,116,14.2
2247983,92151420,,6717,36,8,17,15
2254339,110044140,81090,7080,109,36,15,14.5
2256436,108721500,69498,6757,163,11,100,19.5
2256436,108721500,69498,6758,163,11,100,15.8
2256848,84968040,106203,5559,140,1,2,4.4
2256848,84968040,106203,5538,140,1,2,4.4
2256848,84968040,106203,6324,99,1,2,3.7
2256848,84968040,106203,5540,140,1,2,14.4
2256848,84968040,106203,5557,140,1,2,14.4
2258328,99056340,,6810,71,5,43,15.7
2259400,85169760,,6288,71,1,2,10
2259400,85169760,,6256,75,1,2,7
2260281,118155840,,6609,71,21,259,6.5
2260281,118155840,,6973,91,21,259,14.2
2260997,92926920,,277,36,8,17,15
2260997,92926920,,6721,36,8,17,12.5
2260997,92926920,,6720,36,8,17,12.5
2261825,92955000,,6064,99,8,17,14.2
2261825,92955000,,4397,127,8,17,11.5
2265693,112016280,,5168,24,36,268,4.9
2265693,112016280,,5171,24,36,268,4.9
2265755,85680600,148297,6528,75,1,2,18.5
2270730,111405840,,6512,71,11,133,11.55
2271175,113233260,63386,6830,71,36,241,6
2271175,113233260,63386,5553,140,36,241,12.5
2272555,93439500,,6689,36,8,107,10
2272555,93439500,,6632,148,8,107,12.5
2274400,114094140,161333,3966,55,36,47,21.5
2274400,114094140,161333,4481,84,36,47,19.7
2274658,112209300,124343,1661,92,11,133,20.5
2274658,112209300,124343,832,68,11,133,19.4
2275248,114285720,161337,6002,71,36,241,3.9
2275248,114285720,161337,6818,71,36,241,3.9
2275995,87215160,161166,6642,148,1,2,6.25
2275995,87215160,161166,6641,148,1,2,6.25
2282788,116162340,,6604,99,36,268,14.9
2284950,102626880,109694,6289,75,28,175,18.7
2288360,115467300,69451,6556,146,11,100,19.9
2291316,105359580,94743,8540,110,5,277,8
2291316,105359580,94743,5446,94,5,277,10
2291944,105448500,,6530,75,1,2,18.7
2299680,107111280,,5536,140,1,2,14.6
2299680,107111280,,6862,71,1,2,8.2
2302139,91372620,,8474,99,1,2,11.8
2302139,91372620,,5748,99,1,2,6
2302139,91372620,,5978,75,1,2,18.5
2302139,91372620,,3669,24,1,2,3.5
2302544,107697120,18700,6514,134,5,43,14.7
2307612,108836280,,6812,71,1,2,16.5
2307965,78680820,,6529,75,8,258,18.5
2308694,79025280,54138,5507,75,8,162,12
2309329,109254360,,7080,109,5,189,14.5
2310276,92583060,55039,6684,36,1,2,9
2311405,109766220,4007,6226,131,5,43,16.8
2317998,86104140,,2607,82,8,56,7.9
2317998,86104140,,5996,71,8,56,8
2317998,86104140,,5258,76,8,56,18.5
2318296,110985660,8012,6949,91,1,178,5.8
2318296,110985660,8012,8556,91,1,178,6.5
2318296,110985660,8012,8523,91,1,178,1
2318296,110985660,8012,6973,91,1,178,14.2
2318296,110985660,8012,6073,92,1,178,19
2319059,111089160,157498,6556,146,1,99,10
2319841,98361360,138179,6213,99,8,116,10
2319841,98361360,138179,6604,99,8,116,10
2321211,111328380,,6525,75,5,43,18.9
2322655,98814960,,5978,75,8,151,18.7
2322702,111600960,,2068,146,5,277,12
2324152,99149280,,5772,28,8,284,4.6
2330172,113234280,121364,3527,28,5,68,7.5
2330172,113234280,121364,8569,46,5,68,8.3
2334423,93362820,,4364,127,8,222,14.6
2336519,114801480,79517,8444,91,1,49,14.5
2336519,114801480,79517,841,69,1,49,5.5
2336772,93544800,,277,36,8,17,15
2350316,115563120,,5650,76,28,152,15.5
2350316,115563120,,1693,36,28,152,10
2350316,115563120,,5170,24,28,152,4.9
2350956,104855400,64062,1143,92,8,56,17.7
2351584,115834620,,1856,146,28,228,26.2
2354643,116791380,103149,6438,92,28,228,19.9
2361149,99763740,,4403,69,1,2,2.72
2364651,100989900,,6496,163,1,2,12
2364651,100989900,,6289,75,1,2,12
2366398,101740380,,6213,99,1,2,10
2366398,101740380,,2277,44,1,2,4.6
2367814,110723340,,6506,71,8,151,16.5
2367939,110746140,,6861,71,8,222,8.5
2368258,110975460,,6870,71,8,151,6
2368258,110975460,,1674,75,8,151,13.5
2369400,103548900,124245,4074,92,1,2,23.7
2369400,103548900,124245,6974,91,1,2,17.7
2376760,107348760,68496,1754,91,1,2,24.7
2376760,107348760,68496,7017,91,1,2,14.7
2376760,107348760,68496,5772,28,1,2,4.6
2376760,107348760,68496,6861,71,1,2,8.2
2376760,107348760,68496,2404,85,1,2,25.8
2376760,107348760,68496,1156,91,1,2,23.7
2376760,107348760,68496,1222,91,1,2,11.6
2376760,107348760,68496,838,68,1,2,10.6
